name,website
&BACK COFFEE,https://www.andback.com/
5DayDeal,https://5daydeal.com
Acumatica,https://www.acumatica.com/
ACURE,https://acure.com/
ALOHA,https://aloha.com/
Alter Eco LLC,https://www.alterecofoods.com/
Amika,https://loveamika.com/
Ana Luisa,https://www.analuisa.com/
Ananday,https://ananday.com/
Ancient + Brave,https://ancientandbrave.earth
Another Tomorrow,https://anothertomorrow.co/
Aquila's Nest Vineyards,https://www.aquilasnestvineyards.com/
August,https://www.itsaugust.co/
AUVA Certification Limited,https://www.auva.com
AvAir,https://avair.aero/
Avocado Green Mattress,https://www.avocadogreenmattress.com/
Backdrop,https://www.backdrophome.com/
Be Ultimate,https://beultimate.com/
Beco,https://www.becopets.com/
BioLite,https://www.bioliteenergy.com/
Bloobloom,https://www.bloobloom.com/
"Blue Dot Way, LLC",https://www.forthebluedot.com/
Blue Planet Outdoors / Earthwild,https://www.blueplanetoutdoors.com/
Blueland,https://www.blueland.com/
Bona Furtuna N.A.,https://www.bonafurtuna.com
Bookshop.org®,https://bookshop.org/
Boonboo,https://www.boonboo.com
Booth,https://hirebooth.com/
Bread Alone Bakery,https://www.breadalone.com/
Bronwen Jewelry LLC,https://bronwenjewelry.com/
Bruna,https://brunathelabel.com/en-us
Bud Light NEXT,https://www.anheuser-busch.com/
Burgeon Beer Company,https://burgeonbeer.com/
By Rosie Jane,https://byrosiejane.com/
Cairnspring Mills,https://cairnspring.com/blogs/news/sustainability
Calgee,https://calgee.com/
CAMP Eyewear,https://www.campeyewear.com
Canary Marketing,https://www.canarymarketing.com/
Ceremonia,https://ceremonia.com/
ChicoBag,https://www.chicobag.com/
"ChicoEco, Inc",https://www.chicobag.com
CHNGE,https://chnge.com/
Clove & Twine,https://www.cloveandtwine.com/
CNaught,https://www.cnaught.com
Collins Hume,https://www.collinshume.com/
Commons,https://www.thecommons.earth/
Convert,https://www.convert.com/
COUNSEL,https://wearecounsel.com/
Crap Eyewear,https://crapeyewear.com/
Creative Solutions,https://www.creativesolutions.net/
Denomination,https://www.denomination.com/
DEPT®,https://www.deptagency.com/
"Dermatone Labs, LLC",https://www.dermatone.com/
Dimagi,https://dimagi.com/
Dozen Bakery,https://www.dozen-nashville.com
Earth Harbor Naturals,https://earthharbor.com/
EarthHero,https://earthhero.com/
EthicDrinks,https://ethicdrinks.fr/en/
Ethique,https://www.ethique.com
Ettitude,https://www.ettitude.com/?utm_source=climateneutral.org&utm_medium=referral&utm_campaign=0422_cnhomepage
Eva-NYC,https://eva-nyc.com/
Experience Momentum,https://www.experiencemomentum.com/
ExquisiteCrystals.com LLC,https://www.exquisitecrystals.com
F Bass Inc.,https://fbass.com/
Fireclay Tile,https://www.fireclaytile.com/
Fjorden,https://fjorden.co
Flickr,https://www.flickr.com/
Fluf Textile Goods Inc.,https://fluf.ca/
Forsake,https://www.forsake.com/shop/index.html
FUSION Performance Group,https://fusion-roi.com/
Gifts for Good,https://www.giftsforgood.com
Glow Recipe,https://www.glowrecipe.com/
Good Good Good,https://www.goodgoodgood.co/
Goodee,https://www.goodeeworld.com/
goodr,https://goodr.com/
Grain,https://www.graindesign.com
GreenFi,https://www.greenfi.com/
GreenStep Solutions Inc.,https://greenstep.ca/
HANNI,https://www.heyhanni.com
Happy Earth,https://www.happyearthapparel.com/
HigherRing,https://www.higherring.com/
Holden Rings,https://hiholden.com/
Hune,https://hune.eco/
Ibex,https://ibex.com/
Independent Record Pressing,https://www.independentrecordpressing.com/
Infinum,https://infinum.com/
Innersense Organic Beauty,https://innersensebeauty.com/
Jikoni,https://www.jikonilondon.com/
JuneShine,https://juneshine.com/
Kate McLeod,https://www.katemcleod.com/
KBS Pets,https://kbspets.com/
Kenna Group,https://www.kennagroup.com/
Klean Kanteen,https://www.kleankanteen.com/
Knowmium,https://knowmium.com/
KORA Organics,https://www.koraorganics.com
KORARU,https://www.koraru.co/
KraveBeauty,https://kravebeauty.com/
La Sportiva N.A.,https://www.lasportivausa.com/
Laid Back Snacks Inc.,https://laidbacksnacks.com/
Langley's Gin,https://www.langleysgin.com/
LifeStraw,https://lifestraw.com/
LOJEL,https://www.lojel.com/
loqa,https://www.loqa.co/
Lubanzi Wines,https://www.lubanziwines.com/
Maison Louis Marie,https://www.maisonlouismarie.com
Marnie Hawson Pty Ltd,https://www.marniehawson.com.au
MATE the Label,https://matethelabel.com/
MiiR,https://www.miir.com/
Molly Mutt,https://www.mollymutt.com/
Nanimarquina,https://nanimarquina.com/
Narrative Food,https://narrativefood.com/
Needed,https://thisisneeded.com/
"Nimble for Good, PBC (dba Nimble)",https://www.gonimble.com/
Nocs Provisions,https://www.nocsprovisions.com/
Nomad,https://nomadgoods.com/
NOMADIX,https://www.nomadix.co/
Numi Organic Tea,https://numitea.com/
Nécessaire,https://necessaire.com/
Ocio Leisurewear,https://ocioleisure.com/
Orbitkey,https://www.orbitkey.com/
Originate NBM,https://originatenbm.com/
OSEA Malibu,https://oseamalibu.com/
Peak Design,https://www.peakdesign.com
Pela Case,https://pelacase.com/
Perr & Knight Consulting,https://www.perrknight.com/
Petaluma,https://www.feedpetaluma.com
Planet+Purpose Solutions,https://www.planetpurposesolutions.com
PopSockets,https://www.popsockets.com/en-us/home
Post Company,https://postcompany.co
Preserve,https://www.preserve.eco/
Project Reef,https://projectreef.com/
Prose,https://prose.com
Pure Brewing,https://www.purebrewing.org/
QEJA SOCKS,https://qejasocks.com/
Rainbo,https://rainbo.com/
Reformation,https://www.thereformation.com/
REI,https://www.rei.com/
Renoun,https://renoun.com
Rizos Curls,https://rizoscurls.com/
Rumpl,https://www.rumpl.com/
Saltverk,https://saltverk.com/
salty aura,https://saltyaura.com/
SARDINE,
SAYLOR NYC INC,https://www.saylor.nyc/
Schilling Cider,https://schillingcider.com/
Seatrees,https://www.seatrees.org
Seed & Shell,
Sendle,https://www.sendle.com/
Simple & Dainty,https://simpleanddainty.com
Slow Loris,https://slowloris.com/
SmugMug,https://www.smugmug.com/
Snaplinc Consulting,https://snaplincconsulting.com/
Soar Organics,https://soarorganics.com/
Soleil Soleil,https://soleilsoleil.com.au/
Split Spirits,https://www.splitspirits.com/
Stickbulb,https://stickbulb.com/
Stio,https://www.stio.com
Stranda Snowboards,https://www.strandasnowboards.com
Sunski,https://sunski.com
Supercharge Ltd,https://supercharge.io/
Sutsu,https://sutsu.com/
Swagger,https://giveswagger.com/
Sweet Chef,https://sweetchefskincare.com/
TECODA,https://drinktecoda.com/
tentree,https://tentree.com
Thatcher,https://thatcherstudio.com/
The Change Climate Project,https://changeclimate.org/
The Earthling Co.,https://theearthlingco.com/
The Resell Club,https://www.theresellclub.com/
The Running Kind,https://therunningkind.net/
The Scrubba,https://thescrubba.com/
The Synergy Company,https://www.thesynergycompany.com
Their Jewelry,https://theirisours.com/
To-Go Ware,https://www.to-goware.com/
Topiku,https://www.topiku.co
TOPO Collective,https://www.topocollective.com
Tripulse,https://tripulse.co/
Turtle Fur,https://turtlefur.com/
Underscored,https://underscored.uk/
Unruled,https://beunruled.com/
Vahdam Teas,https://www.vahdam.com/
Vargo Outdoors,https://vargooutdoors.com/
Veerless,http://www.veerless.com
Vintner's Daughter,https://vintnersdaughter.com/
VIOLETTE_FR,https://www.violettefr.com
Weknowtransfers,https://weknowtransfers.com
WILDFANG,https://www.wildfang.com/
Will's Vegan Store,https://www.wills-vegan-store.co.uk
WOODSANDWAVES,https://www.woodsandwaves.co/
Xocolatl Chocolate,https://xocolatlchocolate.com/
YAMA Mountain Gear,https://yamamountaingear.com/
ZeroWasteStore,https://zerowastestore.com/
zkipster,https://www.zkipster.com
Zusa,https://zusa.com/
